Code,Devanagari,Comments,Official Name,IAST s diacritics,Ma Renu Method,Ma Renu s diacritics,Harvard- Kyoto,Alt Spelling 1,Alt Spelling 2,Alt Spelling 3,Alt Spelling 4,Alt Spelling 5,Alt Spelling 6,Unique  to ITRANS  ,,,
N,,,Adolph Hitler,,,,,Hitler,,,,,,,,,
N,,,Albert Einstein,,,,,Einstein,,,,,,,,,
N,,,Amar Dass Greg Gludt (Amar),,,,,,,,,,,,,,
N,,,Ambika Cynthia Copple,,,,,Ambika,,,,,,,,,
N,,"co-contributor, chalk board reader for Gita classes with Babaji at PCC and writer for Pathways",Amritanand Gilbert,,,,,Amritanand ,,,,,,,,,
N,,deceased husband of Kalpana T,Anand Dass Tabachnik (AD),,,,,tabachnik,AD,,,,,,,,
N,आनन्दमयी,,Ānandamayī Ma,,,,,,,,,,,,,,
N,,Herbalist,Ananta Michael Tierra,,,,,ananta,tierra,michael,,,,,,,
N,,,Anapurna Victoria Shuts,,,,,anapurna,,,,,,,,,
N,,,Anuradha Ens,,,,,,,,,,,,,,
N,,,Anupama Susan Forson,,,,,anupama,,,,,,,,,
N,,,Anurag,,,,,anurāg,,,,,,,,,
N,,"satsang person, RN",Aradhana,,,,,,,,,,,,,,
N,,Ma Renu's daughter?,Archana ,,,,,,,,,,,,,,
N,,named in class notes for 1/5/10 brahmasutra class,Ashu Singla,,,,,,,,,,,,,,
N,,,Atma Richard Timan,,,,,timan,,,,,,,,,
N,अरविन्द घोष,,Aurobindo Ghose,Sri Aurobindo,,,,,,,,,,,,,
N,,,Avinash Timothy Walsh,,,,,,,,,,,,,,
N,,,B.K.S. Iyengar,,,,,Iyengar,,,,,,,,,
N,बाबाजि महाराज्,"also called Mahāvatāra Bābājī, Guru of Lāhirī  Mahāśaya",Bābājī Mahārāja,Babaji Maharaja,,,BAbAjI MahArAja,,,,,,,Baabaajii Mahaaraaja,,,
N,,,Badri Dass,,,,,,,,,,,,,,
N,बल्योगेश्वर्,"aka Guru Maharaji, born Prem Rawat (प्रेम रावत) in Haridwar, speaker and author",Balyogeshwar,,,,,balyogeshwar,,,,,,,,,
N,,,Barbara,,,,,,,,,,,,,,
N,,,Barili,,,,,,,,,,,,,,
N,,former prime minister of Pakistan,Benazir Bhutto,,,,,benazir,bhutto,,,,,,,,
N,,,Bhairab James Lazar,,,,,bhairab,,,,,,,,,
N,,,Bhaskar,,,,,,,,,,,,,,
N,,,Bhavani Siegel,,,,,bhavani,,,,,,,,,
N,,(son is Harish Prather),Bholanath Prather,,,,,bholanath,Bholenath,,,,,,,,
N,भृगु,"one of the 7 great sages, the first compiler of predictive astrology, and also the author of Bhṛgu Samhita, the astrological (jyotisha) classic; Bhṛgu is considered a manasaputra (""mind-born-son"") of Brahma",Bhṛgu,Bhrgu,Bhṛigu,Bhrigu,bhRgu,Brigu,,,,,,bRRigu,bR^igu,,
N,,,Bill Clinton,,,,,clinton,,,,,,,,,
N,,,Brajesh Gerald Friedberg,,,,,Brajesh Gerald Friedberg,,,,,,,,,
N,,,Brother Lawrence Nicolas Herman,,,,,lawrence,,,,,,,,,
N,,,Bruno,,,,,,,,,,,,,,
N,बुद्ध,,Buddha,,,,,,,,,,,,,,
N,,,Caesar,,,,,,,,,,,,,,
N,चरक,"physician and principle contributor to Āyurveda and the Caraka Saṃhitā, circa 1 century BCE ",Caraka,,,,,charaka,,,,,,,,,
N,,,Carl Gustav Jung,,,,,jung,,,,,,,,,
N,,,Carlebach,,,,,carlebach,,,,,,,,,
N,,Peruvian-American author,Carlos Castañeda,,,,,castaneda,,,,,,,,,
N,,,Chandra Kala Lucy Holt (Chandra),,,,,Chandra Kala Lucy Holt (Chandra),,,,,,,,,
N,,,Chandra Winterbotham,,,,,,,,,,,,,,
N,,,Charla,,,,,,,,,,,,,,
N,,,Charles Darwin,,,,,darwin,,,,,,,,,
N,,,Chetana Mary Jennings,,,,,chetana,,,,,,,,,
N,,Did a Gita commentary [1981-09-04 source],Chin Mayananda,,,,,,,,,,,,,,
N,चित्रेश दास,Northern Indian classical dancer,Citreś Dās,Chitresh Das,,,,,,,,,,,,,
N,,,Christine,,,,,,,,,,,,,,
N,,,Christopher,,,,,,,,,,,,,,
N,,,Clara,,,,,,,,,,,,,,
N,,,Cohen,,,,,cohen,,,,,,,,,
N,,,Confucius,,,,,confucius,,,,,,,,,
N,,,Crossetti,,,,,crossetti,,,,,,,,,
N,,[not amenable to Sanskrit/Devanāgarī) as he it Tibetan],Dalai Lama,,,,,Dalai,,,,,,,,,
N,,,Daniel,,,,,,,,,,,,,,
N,,,Darrell,,,,,,,,,,,,,,
N,,,David,,,,,,,,,,,,,,
N,,,Dayanand John Diffenbaugh (DN),,,,,dayanand,DN,,,,,,,,
N,,,Deepak,,,,,,,,,,,,,,
N,,"(need to verify her name and did it change when she married?) Formerly ND, now PA.",Dev Priya Roberta Spurr (Bobbie),,,,,Devpriya,Bobbie,,,,,,,,
N,,There was Devaki Fisher and Devaki McKay (sp?),Devaki,,,,,,,,,,,,,,
N,,,Diana,,,,,,,,,,,,,,
N,,,Diane,,,,,,,,,,,,,,
N,,"Of Dharma Sara satsang, Vancouver, BC",Divakar Mark Raetzen,,,,,divakar,,,,,,,,,
N,,First American to graduate in India as Ayurvedic physician [has a web site],Dr Robert Svoboda,,,,,Robbie,,,,,,,,,
N,,,Dr. Jekyll,,,,,jekell,,,,,,,,,
N,,,Dr. PK Gerald Nash (PK),,,,,Dr. PK Gerald Nash,,,,,,,,,
N,,,Dr. Pratibha Rita Gramann,,,,,gramann,,,,,,,,,
N,,,Eckhardt,,,,,,,,,,,,,,
N,,,Edgar Cayce,,,,,cayce,,,,,,,,,
N,,,Edward,,,,,edward,,,,,,,,,
N,,referring to Sheldon’s theory of somatotypes,Eilliam Herbert Sheldon,,,,,sheldon,,,,,,,,,
N,,,Elijah,,,,,,,,,,,,,,
N,,,Elisabeth,,,,,,,,,,,,,,
N,,,Elisabeth Kübler-Ross,,,,,kubler,,,,,,,,,
N,,,Elizabeth,,,,,,,,,,,,,,
N,,,Ema,,,,,,,,,,,,,,
N,,,Epstein,,,,,,,,,,,,,,
N,,,Erik,,,,,,,,,,,,,,
N,,,Erikson,,,,,,,,,,,,,,
N,,,Evelyn,,,,,,,,,,,,,,
N,,,Ezekiel,,,,,,,,,,,,,,
N,,,Fossatti,,,,,,,,,,,,,,
N,,,Gary,,,,,,,,,,,,,,
N,गौडपाद,"A teacher of the 6th century who formalized the school of Advaita Vedanta through his writings, Māṇḍūkya Kārikā",Gauḍapāda,Gaudapada,,,gauDapAda,,,,,,,gauDapaada,,,
N,गौराङ्ग,one of the names of Caitanya Mahāprabhu (चैतन्य महाप्रभु),Gaurāṅga,Gauranga,,,gaurAGga,garanga,Caitanya Mahāprabhu,Chaitanya Mahaprabhu,Chaitanya,,,gauraa~Nga,,,
N,,,Gauri Jones,,,,,,,,,,,,,,
N,,,Gautam John Maxon,,,,,maxon,,,,,,,,,
N,गौतम,Viṣṇu tricked sage Gautama’s wife,Gautama,,,,gautama,,,,,,,,,,
N,,,George Ivanovich Gurdjieff,,,,,gurdjieff,,,,,,,,,
N,,,George Svenson,,,,,svenson,,,,,,,,,
N,,,Gibbs,,,,,,,,,,,,,,
N,,,Gina,,,,,,,,,,,,,,
N,,,Gita,,,,,,,,,,,,,,
N,,,Greg,,,,,,,,,,,,,,
N,,,Gregory,,,,,,,,,,,,,,
N,,,Gregory Bateson,,,,,,,,,,,,,,
N,,,Gustav,,,,,,,,,,,,,,
N,,,Gyandev,,,,,,,,,,,,,,
N,,,Gyaneshwar,,,,,,,,,,,,,,
N,,,Hamsa Robin Heinrich,,,,,hamsa,heinrich,,,,,,,,
N,,,Hariakhan Baba Maharaj,,,,,hariakhan,harikhan,,,,,,,,
N,,author of book Myths and Symbols in Indian Art and Civilization,Heinrich Zimmer,,,,,zimmer,,,,,,,,,
N,,,Herbert,,,,,,,,,,,,,,
N,,German-American philosopher and social theorist,Herbert Marcuse,,,,,marcuse,,,,,,,,,
N,,,Hippocrates,,,,,,,,,,,,,,
N,हिरण्याक्ष,one of two brothers who destroyed saintly people during battles in sat yuga,Hiraṇyākṣa,Hiranyaksa,Hiraṇyākṣha,Hiranyaksha,hiraNyAkSa,,,,,,,hiraNyaakSha,hiraNyaaxa,,
N,,,Hoffman,,,,,,,,,,,,,,
N,,,Hopkins,,,,,,,,,,,,,,
N,,,Hridaya,,,,,,,,,,,,,,
N,,,Hyde,,,,,,,,,,,,,,
N,,leader of the Theosophical Society,Iqbal Kirsten (I.K.) Taimni,,,,,taimni,tatmjnl,,,,,,,,
N,,,Isaac,,,,,,,,,,,,,,
N,,,"Ishan Vest, D.C.",,,,,ishan,,,,,,,,,
N,,meaning servant of Īśvara,Ishvaradas,,,,,,,,,,,,,,
N,ईश्वरकृष्ण,Author of the Sāṃkhya Kārikā,Īśvarakṛṣṇa,isvarakrsna,Īśvarakṛṣhṇa,isvarakrshna,IzvarakRSNa,,,,,,,iishvarakRRiShNa,iishvarakR^iShNa,,
N,,,Jacob,,,,,,,,,,,,,,
N,,German philosoopher and Christian mystic who was also a shoemaker,Jacob Boehme,,,,,bemen,Behmen,Böhme,,,,,,,
N,जडभरत,"From a story from Babaji in discusion of prakṛtilaya, Jadabharata was like a lump of mud for many years but, taken to a king, showed his wisdom.",Jaḍabhārata,Jadabharata,,,JaDabhArata,,,,,,,JaDabhaarata,,,
N,,,Jagadish Steve Wolfman,,,,,jagadish,,,,,,,,,
N,,,"Jagannath Todd Mitchell, M.D.",,,,,,,,,,,,,,
N,जै देव्,"Referred to in: ""Jai Dev story : “Fried Seed.”)"" 1977-11-08",Jai Dev,,,,,,,,,,,,,,
N,जैमिनि,"name of a celebrated sage and philosopher, founder of the Mīmāṃsā school of philosophy",Jaimini,,,,,,,,,,,,,,
N,,"Christian mystic, German philosopher; also a shoemaker",Jakob Böhme,,,,,boehme,,,,,,,,,
N,,,Jana,,,,,,,,,,,,,,
N,,,Janaki Hattis,,,,,janaki,,,,,,,,,
N,,,Janardan Kieran Farley (JD),,,,,janardan,JD,,,,,,,,
N,,,Jane Roberts,,,,,roberts,Seth,,,,,,,,
N, ,[approved by Jaya],Jaya Maxon,,,,,maxon,,,,,,,,,
N,,,Jayant Josh Gitomer,,,,,jayant,,,,,,,,,
N,,historical reference: a judge of Israel who sacrificed his daughter in consequence of a vow,Jephtha,,,,,,,,,,,,,,
N,,,Jeremiah,,,,,,,,,,,,,,
N,,,Jessie,,,,,Jessi,,,,,,,,,
N,,,Jesus Christ,,,,,christ,kreest,christe,jesus,,,,,,
N,जिद्दू कृष्णमूर्ति,"Indian philosopher, speaker, writer, and spiritual figure. Adopted by members of the Theosophical tradition as a child, he was raised to fill the advanced role of World Teacher, but in adulthood he rejected this mantle and distanced himself from the related religious movement.",Jiddu Krishnamurti,,,,,krishnamurti,,,,,,,,,
N,,,Jim,,,,,,,,,,,,,,
N,ज्ञान्देव्,"Jñāndev, Sopānadev, Nivṛttīdev, three brothers and Muktābāī, the sister. All four were siddhas.",Jñāndev,Jnandev,,,jJAndev,Gyandev,Jnanadev,,,,,J~nAndev,J~naandev,,
N,,Commentator on the Gita,Jnaneshwar,,,,,,,,,,,,,,
N,,,Joe Sielicki,,,,,sielicki,,,,,,,,,
,,,Johanna,,,,,,,,,,,,,,
N,,,John,,,,,Johns,,,,,,,,,
N,,,John F Kennedy,,,,,JFK,,,,,,,,,
N,,,Jonah,,,,,,,,,,,,,,
N,,,Jones,,,,,,,,,,,,,,
N,,,Jose,,,,,,,,,,,,,,
N,,,Joseph,,,,,,,,,,,,,,
N,,,Juan,,,,,,,,,,,,,,
N,,,Jungerman,,,,,,,,,,,,,,
N,,,Jyoti Prather,,,,,Jyoti,,,,,,,,,
N,कबीर,a great mediaeval Hindi poet,Kabir Dass,,,,,kabir,kabirdas,,,,,,,,
N,,PA,Kabita Steiny,,,,,kavita,,,,,,,,,
N,,a local person,Kali Charan,,,,,,,,,,,,,,
N,,Person mentioned by Babaji who did isolation for 20 years,Kalichandra,,,,,,,,,,,,,,
N,,,Kalpana Iris Kachuk,,,,,kachuk,,,,,,,,,
N,,,Kalpana Andea Tabachnik,,,,,tabachnik,,,,,,,,,
N,,,Kalyani Dorothy Mayhue,,,,,kalyani,,,,,,,,,
N,,,Kamala Bai,,,,,kamalabai,,,,,,,,,
N,,,Kamalesh Ginger Hooven,,,,,,,,,,,,,,
N,कमली,"The daughter of a king named Reṇuka, born in the family of Ikṣvāku, named Reṇukā who was otherwise known by the name of Kamalī.",Kamalī,Kamali,,,kamalI,,,,,,,kamalii,,,
N,कणाद,Name of author of vaiśeṣika branch of the Nyāya philosophy,Kaṇāda,Kanada,,,kaNAda,,,,,,,kaNaada,,,
N,करब,a person who lived in Kara jungle (close to Sri Ram) who healed a woman and became a householder; story given as example of prārabdha karma,Karaba,,,,,,,,,,,,,,
N,,,Karen,,,,,,,,,,,,,,
N,,deceased,Karuna Ault (Karuna A),,,,,karuda,,,,,,,,,
N,,,"Karuna Judith Chapman (KB, Karuna B)",,,,,,,,,,,,,,
N,,,Kathiya,,,,,,,,,,,,,,
N,,,Katia,,,,,,,,,,,,,,
N,,"a saint, renunciate from a kingly family in Nepal",Kaushani Baba,,,,,Kaushani Baba,,,,,,,,,
N,चौटिल्य,"aka Cāṇakya चाणक्य and Viṣṇugupta विष्णुगुप्त philosopher and Prime Minister (300 BCE), author of the Arthaśāstra",Kauṭilya,Kautilya,,,kauTilya,Kartilya,,,,,,,,,
,,,King Henry V,Henry V,,,,,,,,,,,,,
N,,(see also Niraj Forson and Anupama Susan Forson),Kishor George Forson,,,,,Kishor Forson,,,,,,,,,
N,,,Kranti Mary Ann Mailliard,,,,,kranti,,,,,,,,,
N,,Indian muscian,Krishna Ram Chaudhary,,,,,krishnaram,,,,,,,,,
N,,"(from 1/31/78 darshan, a person who recently died) (also, one of 3 men who Babaji named who are celebate. 6/7/77)",Kurt,,,,,,,,,,,,,,
N,लाहिड़ी महाशय,"also known as Shyāmācharan Lāhirī श्यामाचरण लाहिड़ी re-introduced Kriya Yoga, teacher of Sri Yukteswar, the guru of Paramahansa Yogananda",Lāhirī Mahāśaya,Lahiri Mahasaya,Lāhirī Mahāśhaya,Lahiri Mahashaya,LAhirI MahAzaya,lahiri,lahjiri,,,,,Laahirii Mahaashaya,,,
N,,"also Laozi and other variation; an ancient Chinese philosopher, author of the Tao Te Ching, the foundational text of Taoism along with the Zhuangzi. Laozi is a Chinese honorific, typically translated as ""the Old Master"".",Lao-Tzu,,,,,lao,,,,,,,,,
N,,,Leone,,,,,lleone,,,,,,,,,
N,,,Lila Ansel,,,,,lila,,,,,,,,,
N,,,Lilith Ohlson-Perez (Lily),,,,,Lilith Ohlson,Lily,Perez,,,,,,,
N,,One of the names of the Dalai Lama (Jetsun Jamphel Ngawang Lobsang Yeshe Tenzin Gyatso),Lobsang,,,,,,,,,,,,,,
N,,,Lobsang Rampa,,,,,rampa,,,,,,,,,
N,लोचनाथ ब्रह्मचारी,"a siddha (a perfected saint) May 31, 1981",Lokenath Brahmachārī ,Lokenath Brahmachari,,,lokenath brahmachArI,Loknath,Lokanand,Lokenath Brahmacārī ,Lokanath Brahmachari,,,lokenath brahmachaarii ,,,
N,,,Ma Renu Horsting,,,,,renu,rena,,,,,,,,
N,,founder of the school of theosophy which promoted the concept of akashic records,Madame Blavatsky,,,,,blavatsky,,,,,,,,,
N,,,Madhab Colby White,,,,,madhab,,,,,,,,,
N,,,Madhusri Eileen Sendrey,,,,,madhusri,,,,,,,,,
N,,,Maharishi Mahesh Yogi,,,,,maharishi's,,,,,,,,,
N,महावतार बाबाजी,guru of Lahiri Mahasaya,Mahāvatāra Bābājī,Mahavatara Babaji,,,mahAvatAra bAbAjI,mahavatars,,,,,,mahaavataara baabaajii,,,
,,[of Salt Spring Center],Mahavir,,,,,,,,,,,,,,
N,महावूर,"aka Vardhamāna, founder of the Jaina religion",Mahāvīra,Mahavira,,,mahAvIra,,,,,,,mahaaviira,,,
N,महेन्द्र ब्रह्मचर्य,a sadhu who researched the stories and identities of Hariakhan Baba and Babaji Maharaj for 30 years and found them to be the same,Mahendra Brahmacarya,,,,,mahendra,,,,,,,,,
N,मैत्रेयी,a female Indian philosopher during the later Vedic period,Maitreyī,Maitreyi,,,maitreyI,,,,,,,maitreyii,,,
N,,,Malraux,,,,,,,,,,,,,,
N,,,Mandelshtam,,,,,,,,,,,,,,
N,,,Mandira Marianne Haynes,,,,,marianne,haynes,mandira,,,,,,,
N,,,Manīṣā,Manisa,Manīṣhā,Manisha,manISA,,,,,,,manIShA,maniiShaa,,
N,,,Mañjula,Manjula,,,maJjula,,,,,,,ma~njula,,,
N,,,Manjula Stokes,,,,,,,,,,,,,,
N,,,Manjula Huskey,,,,,,,,,,,,,,
N,,"was Manorama Lazar, then she remarried (before 1997)",Manorama,,,,,,,,,,,,,,
N,,mentioned by Baba Hari Dass 11-29-81 along with Mahaprabhu and Kabirdas [unable to verify spelling],Manpuri Baba,,,,,manpuri,,,,,,,,,
N,मार्कण्डेय,a sage in ancient India referred to in the Mārkaṇḍeya Purāṇa,Mārkaṇḍeya,Markandeya,,,mArkaNDeya,,,,,,,maarkaNDeya,,,
N,,"Note:  Marpa Lotsāwa, Tibetan Buddhist teacher credited with the transmission of many Buddhist teachings to Tibet from India",Marpa,,,,,,,,,,,,,,
N,,,Martin Luther King,,,,,luther,,,,,,,,,
N,,(approved),Mary Catherine Kunz (MC),,,,,mc,,,,,,,,,
N,,,Maslow,,,,,,,,,,,,,,
N,मत्स्येंद्रनाथ,"Said to be the original teacher of the system of Haṭha Yoga. His name means, “Lord of the Fishes”",Matsyendranātha,Matsyendranatha,,,MatsyendranAtha,Matsyendranāth,Matsyendranath,,,,,Matsyendranaath,,,
N,,"[person at a ""Vancouver"" darshan]",Mayana,,,,,,,,,,,,,,
N,,,McHenry,,,,,,,,,,,,,,
N,,,Meher Baba,,,,,meher,,,,,,,,,
N,,[Ananta Michael Tierra and possibly others],Michael,,,,,,,,,,,,,,
N,,[not the mouse],Mickey,,,,,,,,,,,,,,
N,,,Mikhail Sergeyevich Gorbachev,,,,,gorbachev,,,,,,,,,
N,,"Tibetan yogi, poet, siddha",Milarepa,milarapa,,,,milarepa,,,,,,,,,
N,,,Minakshi McDonald,,,,,mcdonald,,,,,,,,,
N,,,Mira,,,,,,,,,,,,,,
N,,,Mirabai,,,,,,,,,,,,,,
N,,,Miśra,Misra,Miśhra,Mishra,mizra,,,,,,,mishra,,,
N,,,Mitchell,,,,,,,,,,,,,,
N,,,Mohammed,,,,,,,,,,,,,,
N,,PT,Mohan Siegel,,,,,,,,,,,,,,
N,महात्मा गांधी,"Indian lawyer, anti-colonial nationalist and political ethicist",Mohanadāsa Karamacaṃda Gāṃdhī (Mahātmā),Mohanadasa Karamacamda Gamdhi (Mahatma),Mohanadāsa Karamachaṃda Gāṃdhī (Mahātmā),Mohanadasa Karamachamda Gamdhi (Mahatma),mohanadAsa karamacaMda gAMdhI (mahAtmA),,,,,,,mohanadaasa karamacaMda gaaMdhii (mahaatmaa),mohanadaasa karamaca.mda gaa.mdhii (mahaatmaa),,
N,महात्मा गांधी,"Indian lawyer, anti-colonial nationalist and political ethicist",Mohanadāsa Karamacaṃda Gāṃdhī (Mahātmā),,,,,Ghandi,Mohanadāsa Karamacaṁda Gāṁdhī (Mahātmā),Mahātmā Gāṃdhī,Mahatma Gandhi,,,mohanadaasa karamaca.nda gaa.ndhii (mahaatmaa),mohanadAsa karamaca.mda gAMdhI (mahAtmA),mohanadAsa karamaca.nda gAMdhI (mahAtmA),
N,,a San Franscisco mayor who was shot inside City Hall in 1978,Moscone,,,,,,,,,,,,,,
N,,,Moses,,,,,,,,,,,,,,
N,,,Mother Teresa,,,,,teresa,Mother Theresa,,,,,,,,
N,मुक्ताबाई,"Jñāndev, Sopānadev, Nivṛttīdev, three brothers and Muktābāī, the sister. All four were siddhas",Muktābāī Vitthalpant Kulkarni,Muktabai Vitthalpant Kulkarni,,,MuktAbai Vitthalpant Kulkarni,Muktābāī,Muktabai,Muktabia,,,,Muktaabai Vitthalpant Kulkarni,,,
N,मुक्तानन्द,guru and founder of Siddha Yoga,Muktananda,,,,,,,,,,,,,,
N,,"means one who rests on nira (water, नीर)",Narayan,,,,,,,,,,,,,,
N,,,Nayana,,,,,,,,,,,,,,
N,"नीम करौली बाबा,","a.k.a. Lakshman Narayan Sharma, Baba Lakshman Das, Laxman Das; the IAST transliteration from Hindi is Nīm Karaulī Bābā",Neem Karoli Baba,,,,,Neem Karoli Baba,,,,,,,,,
N,,,Nehru,,,,,,,,,,,,,,
N,,,Nelson Mandela,,,,,mandela,,,,,,,,,
N,,,Neumann,,,,,,,,,,,,,,
N,,(need permission) See parents Kishor and Anupama,Niraj Forson,,,,,,,,,,,,,,
N,निसर्गजदत्त,"Nisargadatta Maharaj, an indian guru of nondualism",Nisargadatta,,,,,,,,,,,,,,
N,निवृत्तीदेव्,"Jñāndev, Sopānadev, Nivṛttīdev, three brothers and Muktābāī, the sister. All four were siddhas.",Nivṛttīdev,Nivrittidev,,,nivRttIdev,Nivruttinath,,,,,,nivRRittIdev,nivR^ittIdev,nivR^ittiidev,nivRRittiidev
N,निवृत्तीदेव्,"Jñāndev, Sopānadev, Nivṛttīdev, three brothers and Muktābāī, the sister. All four were siddhas.",Nivṛttīdev,,,,,,,,,,,niwRRittIdev,niwR^ittIdev,niwR^ittiidev,niwRRittiidev
N,,,Noah,,,,,,,,,,,,,,
N,,,Norman,,,,,,,,,,,,,,
N,,,Nuntun Baba,,,,,nuntun,,,,,,,,,
N,,,Olaf Stapleton,Stapleton,,,,olaf,,,,,,,,,
N,,"brother of Sharada Filko; also, means 5 headed, one of Shiva's names",Panchanan,,,,,,,,,,,,,,
N,परमहंस योगानन्द,"(1893-1952) was an Indian Hindu monk, Yogi and Guru who introduced millions to the teachings of meditation and Kriya Yoga.",Paramahaṃsa Yogānanda ,Paramahansa Yogananda ,,,,pararnehanse,paramhansa,paramhamsa,paramahansa,paramahamsa,,,,,
N,पराशर,"a maharishi and the author of many ancient Indian texts. He is accredited as the author of the first Purana, the Vishnu Purana, before his son Vyasa wrote it in its present form",Parāśara,Parasara,Parāśhara,Parashara,parAzara,,,,,,,parAshara,paraashara,,
N,पतञ्जलि,A great authority and propounder on the aṣṭāṅga yoga system and author of the Yoga-sūtras,Patañjali,Patanjali,,,pataJjali,fatanjali,patajali,,,,,pata~njali,,,
N,,,Paul,,,,,,,,,,,,,,
N,,French Jesuit philosopher and paleontologist,Pierre Teilhard de Chardin,,,,,teilhard,,,,,,,,,
N,,famous violinist,Pinkus Zuckerman,,,,,zuckerman,,,,,,,,,
N,,,Plato,,,,,,,,,,,,,,
N,,a Greek philosopher,Plotinus,,,,,,,,,,,,,,
N,,,Prabha,,,,,,,,,,,,,,
N,,,Prabha Pacey,,,,,Prabha Pacey,,,,,,,,,
N,,,Prakash Diffenbaugh (PK),,,,,PK Diffenbaugh,,,,,,,,,
N,,,Pramada Sandra Maura,,,,,maura,,,,,,,,,
N,,,Prem Dass James Rohan (PD),,,,,prem,PD,,,,,,,,
N,,,Prema Barbara Harris,,,,,prema,,,,,,,,,
N,,,Radha,,,,,,,,,,,,,,
N,,,Radha Mallery,,,,,,,,,,,,,,
N,,the king of the Himalayas; his whole life was Tantra,Raja Pripi Singh,,,,,raja,,,,,,,,,
N,राजगोपालाचारी,"an Indian statesman, writer, lawyer, and independence activist",Rājagopālāchāri,,,,,rajagopalacharya,,,,,,,,,
N,,,Rajendra Ronald Bingham,,,,,rajendra,,,,,,,,,
N,,,Rajesh ,,,,,,,,,,,,,,
N,रजनीश,founder of the Rajneesh movement,Rajneesh Chandra Mohan Jain,,,,,rajneesh,,,,,,,,,
N,,,Ralph Ginzberg,,,,,ginzberg,,,,,,,,,
N,,,Ram Sharan Robert Aguirre,,,,,Ram Sharan,,,,,,,,,
N,राम तीर्थ,Swami Rāma Tirtha,Rāma Tīrtha,Rama Tirtha,,,rAma tIrtha,ramatirtha,,,,,,raama tiirtha,,,
N,रामकृष्ण परमहंस,,Rāmakṛṣṇa Paramahaṃsa,Ramakrsna Paramahamsa,Rāmakṛiṣhṇa Paramahaṃsa,Ramakrishna Paramahamsa,rAmakRSNa ParamahaMsa,,,,,,,rAmakRSNa paramaha.msa,rAmakRSNa paramaha.nsa,,
N,रामकृष्ण परमहंस,,Rāmakṛṣṇa Paramahaṃsa,,,,,paramanansa,ramakriishna,ramakrishnn,,,,raamakRSNa paramahaMsa,raamakRSNa paramaha.msa,raamakRSNa paramaha.nsa,
N,राममूर्ति,a hatha yogi in India,Rāmamūrti,Ramamurti,,,rAmamUrti,,,,,,,raamamuurti,,,
N,रमण महर्षि,"Indian sage, liberated, had no guru; whose main teaching is Self-inquiry, ""Who am I?""",Ramaṇa Maharṣi,Ramana Maharsi,Ramaṇa Maharśhi,Ramana Maharshi,ramaNa maharzi,maharshi,ramana,,,,,ramaNa maharshi,,,
N,रामानन्द्,"born 1300, great Vaishnavite reformer, established Varanasi as a great religious center",Rāmānand,Ramanand,,,rAmAnand,,,,,,,raamaanand,,,
N,रामदास काठियाबाबा,Hindu spiritual leader,Rāmdās Kāṭhiābābā,Kathia Babaji Maharaj,Kathia Baba,,,katiya,,,,,,,,,
N,,,Ramesh,,,,,Jono,,,,,,,,,
N,,,Ranjan,,,,,,,,,,,,,,
N,,,Rashmi Patricia Cole,,,,,,,,,,,,,,
N,,,Rasmani,,Rasamani,,,,,,,,,,,,
N,,,Grigori Rasputin,,,,,,,,,,,,,,
N,,,Ratna Sturz,,,,,,,,,,,,,,
N,,,Reagan,,,,,,,,,,,,,,
N,,,Richard,,,,,,,,,,,,,,
N,,Elder of two sons of Devaki McKay,Rio ,,,,,Vio,,,,,,,,,
N,,,Robert,,,,,,,,,,,,,,
N,,,Rohini,,,,,,,,,,,,,,
N,,,Ronald,,,,,,,,,,,,,,
N,,,Rosa,,,,,,,,,,,,,,
N,,,Roscoe,,,,,,,,,,,,,,
N,,,Rudolph Steiner,,,,,,,,,,,,,,
N,,,Rumi,,,,,,,,,,,,,,
N,,,Sadanand Ward Maillaird (SN),,,,,SN,,,,,,,,,
N,सत्य साईं बाबा,,Satya Sai Baba,,,,,,,,,,,,,,
N,,,Sampad Martin Kachuk,,,,,kachuk,,,,,,,,,
N,,"a judge of the anciet Israelites, given superhuman strength",Sampson,,,,,,,,,,,,,,
N,,,Sanjaya Cameron Shuts,,,,,sanjaya,,,,,,,,,
N,,RN,Sanjivani Mary Ann Martel ,,,,,Sanjivani Mary Ann Martel,,,,,,,,,
N,,,Santa Claus,,,,,claus,,,,,,,,,
N,,,Sarada Diffenbaugh,,,,,diffenbaugh,,,,,,,,,
N,,(Ma's friend Shanti's daughter),Sarala,,,,,,,,,,,,,,
N,,as spelled by SB in Zoom,Sarasvati Buhrman,,,,,,,,,,,,,,
N,,,Sarojani Betsy Walsh,,,,,sarojani,,,,,,,,,
N,,RN,Sarojani Cathy Bautista,,,,,,,,,,,,,,
N,,PD's spouse,Sarojani Sondra Rohan,,,,,,,,,,,,,,
N,,"[unconfirmed name of person in a volleyball photo, 1974]",Satyanand,,,,,,,,,,,,,,
N,शावरी,a tribal woman devoted to Sri Rama; she offered berries after tasting each one to make sure they were sweet; an example where in devotional stage cultural rules are broken,Śāvarī,Savari,Śhavāri,Shavari,zavArI,savari,,,,,,shavaarii,,,
N,,,Savita Eisenberg,,,,,savita,,,,,,,,,
N,,,Shankar Clark Heinrich,,,,,Shankar,,,,,,,,,
N,,,Shantam,,,,,,,,,,,,,,
N,,,Shantam Galuten,,,,,shatam,,,,,,,,,
N,,,Sharada Filkow,,,,,sharada,,,,,,,,,
N,,,Sharma,,,,,,,,,,,,,,
N,,,Shekhar Chris Thompson,,,,,Shekar,,,,,,,,,
N,,"known to Baba Hari Dass, very learned man, lived to 135",Shiva Puri Baba,,,,,,,,,,,,,,
N,,,Shlomo Carlebach,,,,,shlomo,,,,,,,,,
N,,,Shyam,,,,,,,,,,,,,,
N,,,Shyama Beth Friedberg,,,,,shyama,,,,,,,,,
N,,,Siddhartha George Hattis (Sid),Sid,,,,Sid,,,,,,,,,
N,,,Simone,,,,,,,,,,,,,,
N,शिर्डी सै बाबा,"aka Sai Baba of Shirdi, a saint in south India and a wrestler ",Śirḍī Sai Baba,Sirdi Sai Baba,Śhirḍī Sai Baba,Shirdi Sai Baba,zirDI sai baba,Shirdi,,,,,,shirDii sai baba,,,
N,,"of ancient Greece, who being punished was to roll a large bolder up a hill, for it to roll down again, and repeat this to eternity",Sisyphus,,,,,,,,,,,,,,
N,,,Sita Farley,,,,,farley,,,,,,,,,
N,शिवानन्द,"Swami Sivananda Saraswati is the founder of ""The Divine Life Society"", ""Yoga-Vedanta Forest Academy"" and author of over 200 books on yoga. Sivananda Yoga is named after him",Śivānanda,Sivananda,Śhivānanda,shivananda,zivAnanda,,,,,,,Śivānanda,,,
N,,,Socrates,,,,,,,,,,,,,,
N,,,Solomon,,,,,,,,,,,,,,
N,सोम्बारी,"also called Sombārī Mahārāja, who lived at Kākarighāt",Sombārī Baba,sombArI,sombaarii,,,Sombari,,,,,,,,,
N,सोपानदेव,"Jñāndev, Sopānadev, Nivṛttīdev, three brothers and Muktābāī, the sister. All four were siddhas.",Sopānadeva,Sopanadeva,,,sopAnadeva,Sopanodev,,,,,,sopaanadeva,,,
N,श्रीयुक्तेश्वर गिरि,guru of Paramahansa Yogananda,Sri Yukteśvara Giri,Sri Yukteśvara Giri,Sri Yukteśhvara Giri,Sri Yuktshvara Giri,Sri Yuktezvara Giri,yukteshwara,yukteshwar,,,,,Sri Yukteshvara Giri,Sri Yukteshwara Giri,,
N,श्रीधर स्वामी ,"author of commentaries on the Gita, including In Devotional View",Srīdhara Swāmī,,,,,tridar,,,,,,,,,
N,,,Stanislav Grof,,,,,stanislav,,,,,,,,,
N,,,Suchitra Fields,,,,,,,,,,,,,,
N,,of Salt Spring Island,Sudarshan Filkow,,,,,sudarshan,,,,,,,,,
N,,,Sudhir Dass,,,,,,,,,,,,,,
N,,,Sukhdev Tom Pettengill,,,,,,,,,,,,,,
N,,,Sulochana Sharon Flynn,,,,,,,,,,,,,,
N,,,Sundar Greg Heinrich,,,,,,,,,,,,,,
N,,,Supriya,,,,,,,,,,,,,,
N,,,Supriya D,,,,,,,,,,,,,,
N,,,Suresh Diffenbaugh,,,,,,,,,,,,,,
N,,,Sushila Ohlson,,,,,Sushila,,,,,,,,,
N,,"Saccidānanda Sarasvatī, founder of Integral Yoga",Swami Satchidananda Saraswati,Saccidānanda Sarasvatī,,,,satchitanand,,,,,,,,,
N,स्वामी विवेकानन्द,,Swāmī Vivekānanda,,,,,vivekananda,,,,,,,,,
N,,,Swarup Eugene Wood,sorupa,,,,swarupa,,,,,,,,,
N,,,Swarup Ken Brodkey,,,,,swarupa,,,,,,,,,
N,,,Swarup Reid Wilburn,sorupa,,,,swarupa,,,,,,,,,
N,,,Tāpan,,,,,Tapan,,,,,,,,,
N,तरक,"a surgeon who, using ayurvedic instruments of thousands of years ago, could divide a hair into two equal parts",Tāraka,Taraka,,,tAraka,taraka,,,,,,taaraka,,,
N,,,Thelma,,,,,,,,,,,,,,
N,,,Thomas,,,,,,,,,,,,,,
N,,,Thomas Aquinas,,,,,,,,,,,,,,
N,,,Thomas the Apostle,,,,,,,,,,,,,,
N,,known as a Bengali Buddhist siddha whose teachings include the six precepts or words of advice,Tilopa,,,,,Tilepa,,,,,,,,,
N,,,Ishwar Totapuri,,,,,,,,,,,,,,
N,,Russian author,Tolstoy,,,,,,,,,,,,,,
N,तोतापुरी,guru of Ramakrishna Paramahansa,Totāpuri Baba,,,,,totapuri,,,,,,,,,
N,,,Tripura Sundari Anand,,,,,tripura,,,,,,,,,
N,तुकाराम,Sant Tukaram Maharaj,Tukaram,,,,,tukaram,,,,,,,,,
N,तुलसीदास,a Vaiṣṇava Hindu saint and poet devoted to Rāma,Tulasīdāsa,,,,,tulsidas,,,,,,,,,
N,त्यागी,means renunciate,Tyāgī,tiagi,,,,tyagi,,,,,,,,,
N,,,Umesh,,,,,,,,,,,,,,
N,,,Uri Geller,,,,,geller,,,,,,,,,
N,,,Urmila Schmidt-Cohen,,,,,urmila,,,,,,,,,
N,वाल्मीकि,"legendary poet, author of the Rāmāyaṇa",Vālmīki,Valmiki,,,vAlmIki,,,,,,,vaalmiiki,wAlmIki,waalmiiki,
N,वासिष्ठ,Vedic ṛṣi,Vāsiṣṭha,Vasistha,Vāsiṣhṭhha,Vasishthha,vAsiSTha,,,,,,,vaasiShTha,,,
N,,,Vasudev,,,,,,,,,,,,,,
N,,"(as in Venn diagram, named after John Venn)",Venn,,,,,ven,,,,,,,,,
N,,"""a satsangi""",Vidya Zamora,,,,,zamora,,,,,,,,,
N,विद्यारण्य,author in 1300s CE of a commentary on the Pañcadaśī Vedānta text and others works,Vidyāraṇya,Vidyaranya,,,vidyAraNya,,,,,,,vidyaaraNya,widyaaraNya,,
N,विज्ञानभिक्षु,a philosopher from Bihar in 15th or 16th century known particulary for his commentary on the Patañjali Yoga Sūtras,Vijñāna Bhikṣu,Vijnana Bhiksu,Vijñāna Bhikṣhu,Vijnana Bhikshu,vijJAna bhikSu,,,,,,,vij~naana bhikShu,wij~naana bhikShu,,
N,,,Vimala,,,,,,,,,,,,,,
N,,,Vinay Kim Greist,,,,,greist,,,,,,,,,
N,,,Vishnu Ma Dozier (Vishnu Priya),Vishnu Priya,,,,priya,,,,,,,,,
N,,,Vishwamitra David Prisk,,,,,vishwamitra,,,,,,,,,
N,विष्णुदेवानन्द सरस्वती,founder of the International Sivananda Yoga Vedanta Centers and Ashrams,Viṣṇudevānanda Saraswatī,Vishuvenanda,Vishudevananda,Vishuvedananda,,vishnudevananda,,,,,,,,,
N,,"an Indian yogi, guru",Viśuddhananda Paramahansa,Vishuddhananda,,,,visshudhananda,,,,,,,,,
N,विश्वामित्र,"a rishi, sage of ancient India",Viśvāmitra,Visvamitra,Viśhvāmitra,Vishvamitra,vizvAmitra,,,,,,,vishvaamitra,wishwaamitra,wishwAmitra,
N,विश्वामित्र,"a rishi, sage of ancient India",Viśvāmitra,,,,,vishwamitra,,,,,,,,,
N,,"[There are 3 possible persons: Vivek PhD, Vevek Winterbothem (sp?), and one other. Reccomend to not try to specify.}",Vivek,,,,,vivek,,,,,,,,,
N,व्तासः,"a rishi, author of the Mahābhārata",Vyāsaḥ,Vyasah,,,vyAsaH,vyasa,,,,,,vyaasaH,,,
N,,,William Shakepeare,,,,,shakespeare,,,,,,,,,
N,,,William Sheldon,,,,,,,,,,,,,,
N,,,Yogesh Warren Lockwood,,,,,yogesh,,,,,,,,,
N,रामाचरक,"lived in India in the early 1900s, has written several books on yoga (e.g., Jnana Yoga)",Yogi Ramacharaka,,,,,yogi rama charaka,,,,,,,,,
